-- Banco de Dados II
-- Por Duncan Ruiz
--
-- Este arquivo contem a carga das tabelas para o primeiro trabalho.
--
-- O modelo foi corrigido para implementar a hierarquia gen-espec como uma tabela somente.
--
-- Versao 2023/1
--
alter session set nls_date_format = 'YYYY-MM-DD';
--
-- Insercao de DISCIPLINAS
insert into DISCIPLINAS values('11521-04','Humanismo e Cultura Religiosa');
insert into DISCIPLINAS values('13397-02','Psicologia e Gestao de Pessoas em TI');
insert into DISCIPLINAS values('1501A-04','Etica e Cidadania');
insert into DISCIPLINAS values('2548P-04','Estrategia Empresarial');
insert into DISCIPLINAS values('254CF-02','Formacao do Empreendedor');
insert into DISCIPLINAS values('254DB-04','Administracao');
insert into DISCIPLINAS values('254DX-02','Administracao da Informacao');
insert into DISCIPLINAS values('4117D-04','Calculo III');
insert into DISCIPLINAS values('4452A-02','Introducao a Engenharia de Computacao');
insert into DISCIPLINAS values('4456C-04','Microeletronica');
insert into DISCIPLINAS values('4456S-04','Aplicacoes de Processamento Digital de Sinais');
insert into DISCIPLINAS values('4456W-02','Estagio Supervisionado - Ec (190 Hrs)');
insert into DISCIPLINAS values('4458K-04','Processamento Digital de Sinais');
insert into DISCIPLINAS values('4459C-02','Laboratorio de Circuitos I');
insert into DISCIPLINAS values('4459F-02','Laboratorio de Dispositivos Eletronicos');
insert into DISCIPLINAS values('4459G-02','Laboratorio de Processadores I');
insert into DISCIPLINAS values('4459S-04','Analise de Circuitos I');
insert into DISCIPLINAS values('4459U-04','Analise de Circuitos II');
insert into DISCIPLINAS values('4459V-04','Introducao A Dispositivos Eletronicos');
insert into DISCIPLINAS values('4459Y-04','Processadores I');
insert into DISCIPLINAS values('445AH-04','Sistemas de Comunicacao');
insert into DISCIPLINAS values('44630-04','Sinais e Sistemas');
insert into DISCIPLINAS values('44632-04','Analise de Sistemas de Controle');
insert into DISCIPLINAS values('44633-04','Projeto de Sistemas de Controle');
insert into DISCIPLINAS values('44653-02','Laboratorio de Controle');
insert into DISCIPLINAS values('4471V-02','Sistemas de Planejamento e Custos para Engenharia');
insert into DISCIPLINAS values('4471X-02','Engenharia Economica');
insert into DISCIPLINAS values('4471Y-02','Engenharia e Seguranca do Trabalho');
insert into DISCIPLINAS values('4481Y-02','Engenharia Ambiental I');
insert into DISCIPLINAS values('4611C-06','Fundamentos de Programacao');
insert into DISCIPLINAS values('4611E-04','Logica para Computacao');
insert into DISCIPLINAS values('4611F-04','Programacao Orientada a Objetos');
insert into DISCIPLINAS values('4611G-04','Simulacao e Metodos Analiticos');
insert into DISCIPLINAS values('4620J-04','Sistemas de Tempo Real');
insert into DISCIPLINAS values('4636C-04','Auditoria e Seguranca de Sistemas de Informacao');
insert into DISCIPLINAS values('4636H-04','Fundamentos de Desenvolvimento de Software');
insert into DISCIPLINAS values('4636M-02','Gerencia de Redes de Computadores');
insert into DISCIPLINAS values('4636N-04','Infraestrutura de Tecnologia da Informacao');
insert into DISCIPLINAS values('4636P-04','Disciplina Integradora I');
insert into DISCIPLINAS values('4637B-04','Programacao de Software Aplicado');
insert into DISCIPLINAS values('4637D-04','Qualidade de Processo');
insert into DISCIPLINAS values('4637F-04','Sistemas de Informacao Integrados');
insert into DISCIPLINAS values('4645G-04','Algoritmos e Estrutura de Dados I');
insert into DISCIPLINAS values('4645H-04','Algoritmos e Estruturas de Dados II');
insert into DISCIPLINAS values('4645J-04','Computacao Paralela');
insert into DISCIPLINAS values('4645K-04','Construcao de Compiladores');
insert into DISCIPLINAS values('4646B-04','Fundamentos de Sistemas Digitais');
insert into DISCIPLINAS values('4646I-04','Laboratorio de Sistemas Operacionais');
insert into DISCIPLINAS values('4646M-04','Metodos Formais para Computacao');
insert into DISCIPLINAS values('4646N-04','Metodos Numericos');
insert into DISCIPLINAS values('4646X-04','Projeto de Desenvolvimento de Jogos');
insert into DISCIPLINAS values('4646Z-04','Projeto e Otimizacao de Algoritmos');
insert into DISCIPLINAS values('4647A-04','Redes de Computadores Avancadas');
insert into DISCIPLINAS values('4647B-04','Sistemas Distribuidos');
insert into DISCIPLINAS values('4647F-04','Teoria da Computabilidade e Complexidade');
insert into DISCIPLINAS values('46504-04','Construcao de Software');
insert into DISCIPLINAS values('46506-04','Engenharia de Requisitos');
insert into DISCIPLINAS values('46507-02','Engenharia de Software Experimental');
insert into DISCIPLINAS values('46509-02','Gerenciamento de Configuracao de Software');
insert into DISCIPLINAS values('46510-04','Gerenciamento de Projeto de Software');
insert into DISCIPLINAS values('46514-04','Linguagens de Programacao');
insert into DISCIPLINAS values('46515-04','Linguagens, Automatos e Computacao');
insert into DISCIPLINAS values('46517-02','Melhoria de Processos de Software');
insert into DISCIPLINAS values('46518-04','Metodos e MOdelos em Engenharia de Software');
insert into DISCIPLINAS values('46522-04','Pratica na Agencia Experimental I (120 horas)');
insert into DISCIPLINAS values('46523-04','Pratica na Agencia Experimental II (120 horas)');
insert into DISCIPLINAS values('46524-04','Pratica na Agencia Experimental III (120 Horas)');
insert into DISCIPLINAS values('46525-04','Pratica na Agencia Experimental IV (120 horas)');
insert into DISCIPLINAS values('46526-02','Programacao de Software Basico');
insert into DISCIPLINAS values('95300-04','Calculo I');
insert into DISCIPLINAS values('95301-04','Calculo II');
insert into DISCIPLINAS values('95302-04','Algebra Linear e Geometria Analitica');
insert into DISCIPLINAS values('95303-04','Matematica Discreta');
insert into DISCIPLINAS values('95304-04','Probabilidade e Estatistica');
insert into DISCIPLINAS values('95305-04','Matematica Aplicada');
insert into DISCIPLINAS values('98700-04','Sistemas Operacionais');
insert into DISCIPLINAS values('98701-04','Programacao de Baixo Nivel');
insert into DISCIPLINAS values('98702-04','Pratica em Pesquisa');
insert into DISCIPLINAS values('98703-02','Programacao Funcional');
insert into DISCIPLINAS values('98704-04','Pratica em Engenharia de Software');
insert into DISCIPLINAS values('98705-02','Introducao a Computacao');
insert into DISCIPLINAS values('98706-04','Aprendizado de Maquina');
insert into DISCIPLINAS values('98707-02','Metodologia Cientifica');
insert into DISCIPLINAS values('98708-04','Inteligencia Artificial');
insert into DISCIPLINAS values('98709-04','Fundamentos de Redes de Computadores');
insert into DISCIPLINAS values('98710-02','Laboratorio de Redes de Computadores');
insert into DISCIPLINAS values('98711-02','Trabalho de Conclusao I');
insert into DISCIPLINAS values('98712-04','Introducao a Programacao - ECo');
insert into DISCIPLINAS values('98713-04','Fundamentos de Processamento Paralelo e Distribuido');
insert into DISCIPLINAS values('98714-02','Trabalho de Conclusao II');
insert into DISCIPLINAS values('98715-04','Seguranca de Sistemas');
insert into DISCIPLINAS values('98716-04','Computacao Grafica');
insert into DISCIPLINAS values('98718-04','Programacao Orientada A Objetos - Eco');
insert into DISCIPLINAS values('98719-02','Construcao de Sistemas Operacionais');
insert into DISCIPLINAS values('98721-04','Introducao A Visao Computacional');
insert into DISCIPLINAS values('98800-04','Fundamentos de Sistemas Computacionais');
insert into DISCIPLINAS values('98801-04','Engenharia de Software I');
insert into DISCIPLINAS values('98802-02','Engenharia de Software II');
insert into DISCIPLINAS values('98803-02','Trabalho de Conclusao I');
insert into DISCIPLINAS values('98804-02','Trabalho de Conclusao II');
insert into DISCIPLINAS values('98900-02','Introducao a Engenharia de Software');
insert into DISCIPLINAS values('98901-04','Banco de Dados I');
insert into DISCIPLINAS values('98902-02','Banco de Dados II');
insert into DISCIPLINAS values('98903-02','Processos de Software');
insert into DISCIPLINAS values('98904-04','Verificacao e Validacao de Software');
insert into DISCIPLINAS values('98905-04','Experiencia do Usuario');
insert into DISCIPLINAS values('98906-04','Projeto e Arquitetura de Software');
insert into DISCIPLINAS values('98907-02','Engenharia e Gestao do Conhecimento');
insert into DISCIPLINAS values('98D05-06','Fisica Geral e Experimental I');
insert into DISCIPLINAS values('98D07-06','Fisica Geral e Experimental III');
insert into DISCIPLINAS values('98F29-04','Inferencia Comparada');
insert into DISCIPLINAS values('98F30-04','Analise Multivariada');
insert into DISCIPLINAS values('98F31-04','Topicos de Algebra Linear');
insert into DISCIPLINAS values('98F32-04','Previsao de SEries Temporais');
insert into DISCIPLINAS values('98F33-04','Algebra Linear e Matricial');
insert into DISCIPLINAS values('98G00-04','Sistemas Embarcados');
insert into DISCIPLINAS values('98G02-04','Sistemas Digitais');
insert into DISCIPLINAS values('98G03-04','Organizacao e Arquitetura de Processadores');
insert into DISCIPLINAS values('98G04-02','Construcao de Sistemas Digitais');
insert into DISCIPLINAS values('98G05-04','Arquitetura e Organizacao de Computadores');
insert into DISCIPLINAS values('98G06-02','Programacao de PerifEricos');
insert into DISCIPLINAS values('98G07-04','Projeto de Sistemas Integrados');
insert into DISCIPLINAS values('98G08-04','Confiabilidade e Seguranca de Software');
insert into DISCIPLINAS values('98G09-04','Sistemas de Comunicacao sem Fio');
insert into DISCIPLINAS values('98G10-04','Confiabilidade e Seguranca de Hardware');
insert into DISCIPLINAS values('98G13-02','Trabalho de Conclusao de Curso I - Eco');
insert into DISCIPLINAS values('98G14-02','Trabalho de Conclusao de Curso II - Eco');
insert into DISCIPLINAS values('98H00-04','Infraestrutura para Gestao de Dados');
insert into DISCIPLINAS values('98H01-04','Coleta, Preparacao e Analise de Dados');
insert into DISCIPLINAS values('98H03-04','Introducao a Ciencia de Dados');
insert into DISCIPLINAS values('98H04-06','Programacao Orientada A Dados');
insert into DISCIPLINAS values('98H05-04','Aprendizado Supervisionado');
insert into DISCIPLINAS values('98H06-02','Projeto em Ciencia de Dados I');
insert into DISCIPLINAS values('98H07-04','Visualizacao de Dados');
insert into DISCIPLINAS values('98H08-04','Aprendizado Nao - Supervisionado');
insert into DISCIPLINAS values('98H09-04','Aprendizado Profundo I');
insert into DISCIPLINAS values('98H10-04','Introducao Ao Processamento da Lingua Natural');
insert into DISCIPLINAS values('98H11-02','Sistemas de Recomendacao');
insert into DISCIPLINAS values('98H12-04','Aprendizado por Reforco');
insert into DISCIPLINAS values('98H13-04','Aprendizado Profundo II');
insert into DISCIPLINAS values('98H14-02','Projeto em Ciencia de Dados II');
insert into DISCIPLINAS values('98H15-02','Projeto em Ciencia de Dados III');
--
-- Insercao de CURSOS
Insert into CURSOS values('98AJ','Ciencia da Computacao');
Insert into CURSOS values('98AH','Ciencia de Dados e Inteligencia Artificial');
Insert into CURSOS values('98AL','Engenharia de Software');
Insert into CURSOS values('98AM','Sistemas de Informacao');
--
-- Insercao de NIVEIS
insert into NIVEIS (Codigo, Codicred, Nivel) values('98AJ','95300-04', 1);
insert into NIVEIS (Codigo, Codicred, Nivel) values('98AJ','4611C-06', 1);
insert into NIVEIS (Codigo, Codicred, Nivel) values('98AJ','98705-02', 1);
insert into NIVEIS (Codigo, Codicred, Nivel) values('98AJ','95303-04', 1);
insert into NIVEIS (Codigo, Codicred, Nivel) values('98AJ','98707-02', 1);
insert into NIVEIS (Codigo, Codicred, Nivel) values('98AJ','1501A-04', 1);
insert into NIVEIS (Codigo, Codicred, Nivel) values('98AJ','4645G-04', 2);
insert into NIVEIS (Codigo, Codicred, Nivel) values('98AJ','98901-04', 2);
insert into NIVEIS (Codigo, Codicred, Nivel) values('98AJ','95301-04', 2);
insert into NIVEIS (Codigo, Codicred, Nivel) values('98AJ','4646B-04', 2);
insert into NIVEIS (Codigo, Codicred, Nivel) values('98AJ','4611E-04', 2);
insert into NIVEIS (Codigo, Codicred, Nivel) values('98AJ','4611F-04', 2);
insert into NIVEIS (Codigo, Codicred, Nivel) values('98AJ','4645H-04', 3);
insert into NIVEIS (Codigo, Codicred, Nivel) values('98AJ','98902-02', 3);
insert into NIVEIS (Codigo, Codicred, Nivel) values('98AJ','46515-04', 3);
insert into NIVEIS (Codigo, Codicred, Nivel) values('98AJ','98G03-04', 3);
insert into NIVEIS (Codigo, Codicred, Nivel) values('98AJ','95304-04', 3);
insert into NIVEIS (Codigo, Codicred, Nivel) values('98AJ','98701-04', 3);
insert into NIVEIS (Codigo, Codicred, Nivel) values('98AJ','98702-04', 3);
insert into NIVEIS (Codigo, Codicred, Nivel) values('98AJ','98716-04', 4);
insert into NIVEIS (Codigo, Codicred, Nivel) values('98AJ','98801-04', 4);
insert into NIVEIS (Codigo, Codicred, Nivel) values('98AJ','4636H-04', 4);
insert into NIVEIS (Codigo, Codicred, Nivel) values('98AJ','98713-04', 4);
insert into NIVEIS (Codigo, Codicred, Nivel) values('98AJ','98H00-04', 4);
insert into NIVEIS (Codigo, Codicred, Nivel) values('98AJ','98703-02', 4);
insert into NIVEIS (Codigo, Codicred, Nivel) values('98AJ','95302-04', 4);
insert into NIVEIS (Codigo, Codicred, Nivel) values('98AJ','98802-02', 5);
insert into NIVEIS (Codigo, Codicred, Nivel) values('98AJ','98905-04', 5);
insert into NIVEIS (Codigo, Codicred, Nivel) values('98AJ','4646N-04', 5);
insert into NIVEIS (Codigo, Codicred, Nivel) values('98AJ','4646X-04', 5);
insert into NIVEIS (Codigo, Codicred, Nivel) values('98AJ','4646Z-04', 5);
insert into NIVEIS (Codigo, Codicred, Nivel) values('98AJ','98700-04', 5);
insert into NIVEIS (Codigo, Codicred, Nivel) values('98AJ','4647F-04', 5);
insert into NIVEIS (Codigo, Codicred, Nivel) values('98AJ','98709-04', 6);
insert into NIVEIS (Codigo, Codicred, Nivel) values('98AJ','98708-04', 6);
insert into NIVEIS (Codigo, Codicred, Nivel) values('98AJ','98710-02', 6);
insert into NIVEIS (Codigo, Codicred, Nivel) values('98AJ','4646I-04', 6);
insert into NIVEIS (Codigo, Codicred, Nivel) values('98AJ','4646M-04', 6);
insert into NIVEIS (Codigo, Codicred, Nivel) values('98AJ','98704-04', 6);
insert into NIVEIS (Codigo, Codicred, Nivel) values('98AJ','98706-04', 7);
insert into NIVEIS (Codigo, Codicred, Nivel) values('98AJ','4645K-04', 7);
insert into NIVEIS (Codigo, Codicred, Nivel) values('98AJ','4647A-04', 7);
insert into NIVEIS (Codigo, Codicred, Nivel) values('98AJ','4611G-04', 7);
insert into NIVEIS (Codigo, Codicred, Nivel) values('98AJ','98711-02', 7);
insert into NIVEIS (Codigo, Codicred, Nivel) values('98AJ','4645J-04', 8);
insert into NIVEIS (Codigo, Codicred, Nivel) values('98AJ','11521-04', 8);
insert into NIVEIS (Codigo, Codicred, Nivel) values('98AJ','98715-04', 8);
insert into NIVEIS (Codigo, Codicred, Nivel) values('98AJ','4647B-04', 8);
insert into NIVEIS (Codigo, Codicred, Nivel) values('98AJ','98714-02', 8);
insert into NIVEIS (Codigo, Codicred, Nivel) values('98AH','95300-04', 1);
insert into NIVEIS (Codigo, Codicred, Nivel) values('98AH','4611C-06', 1);
insert into NIVEIS (Codigo, Codicred, Nivel) values('98AH','98H03-04', 1);
insert into NIVEIS (Codigo, Codicred, Nivel) values('98AH','98705-02', 1);
insert into NIVEIS (Codigo, Codicred, Nivel) values('98AH','95303-04', 1);
insert into NIVEIS (Codigo, Codicred, Nivel) values('98AH','4645G-04', 2);
insert into NIVEIS (Codigo, Codicred, Nivel) values('98AH','95301-04', 2);
insert into NIVEIS (Codigo, Codicred, Nivel) values('98AH','98800-04', 2);
insert into NIVEIS (Codigo, Codicred, Nivel) values('98AH','95304-04', 2);
insert into NIVEIS (Codigo, Codicred, Nivel) values('98AH','98H04-06', 2);
insert into NIVEIS (Codigo, Codicred, Nivel) values('98AH','98901-04', 3);
insert into NIVEIS (Codigo, Codicred, Nivel) values('98AH','98H01-04', 3);
insert into NIVEIS (Codigo, Codicred, Nivel) values('98AH','98F29-04', 3);
insert into NIVEIS (Codigo, Codicred, Nivel) values('98AH','4611E-04', 3);
insert into NIVEIS (Codigo, Codicred, Nivel) values('98AH','98F33-04', 3);
insert into NIVEIS (Codigo, Codicred, Nivel) values('98AH','4645H-04', 4);
insert into NIVEIS (Codigo, Codicred, Nivel) values('98AH','98F30-04', 4);
insert into NIVEIS (Codigo, Codicred, Nivel) values('98AH','98H05-04', 4);
insert into NIVEIS (Codigo, Codicred, Nivel) values('98AH','98902-02', 4);
insert into NIVEIS (Codigo, Codicred, Nivel) values('98AH','4117D-04', 4);
insert into NIVEIS (Codigo, Codicred, Nivel) values('98AH','98713-04', 4);
insert into NIVEIS (Codigo, Codicred, Nivel) values('98AH','98708-04', 4);
insert into NIVEIS (Codigo, Codicred, Nivel) values('98AH','98H00-04', 5);
insert into NIVEIS (Codigo, Codicred, Nivel) values('98AH','98721-04', 5);
insert into NIVEIS (Codigo, Codicred, Nivel) values('98AH','4646Z-04', 5);
insert into NIVEIS (Codigo, Codicred, Nivel) values('98AH','98H06-02', 5);
insert into NIVEIS (Codigo, Codicred, Nivel) values('98AH','98700-04', 5);
insert into NIVEIS (Codigo, Codicred, Nivel) values('98AH','98F31-04', 5);
insert into NIVEIS (Codigo, Codicred, Nivel) values('98AH','98H07-04', 5);
insert into NIVEIS (Codigo, Codicred, Nivel) values('98AH','98H08-04', 6);
insert into NIVEIS (Codigo, Codicred, Nivel) values('98AH','98H09-04', 6);
insert into NIVEIS (Codigo, Codicred, Nivel) values('98AH','98801-04', 6);
insert into NIVEIS (Codigo, Codicred, Nivel) values('98AH','98709-04', 6);
insert into NIVEIS (Codigo, Codicred, Nivel) values('98AH','98H10-04', 6);
insert into NIVEIS (Codigo, Codicred, Nivel) values('98AH','46515-04', 6);
insert into NIVEIS (Codigo, Codicred, Nivel) values('98AH','98H11-02', 6);
insert into NIVEIS (Codigo, Codicred, Nivel) values('98AH','98H13-04', 7);
insert into NIVEIS (Codigo, Codicred, Nivel) values('98AH','98H12-04', 7);
insert into NIVEIS (Codigo, Codicred, Nivel) values('98AH','98802-02', 7);
insert into NIVEIS (Codigo, Codicred, Nivel) values('98AH','4636N-04', 7);
insert into NIVEIS (Codigo, Codicred, Nivel) values('98AH','98H14-02', 7);
insert into NIVEIS (Codigo, Codicred, Nivel) values('98AH','1501A-04', 7);
insert into NIVEIS (Codigo, Codicred, Nivel) values('98AH','254CF-02', 8);
insert into NIVEIS (Codigo, Codicred, Nivel) values('98AH','11521-04', 8);
insert into NIVEIS (Codigo, Codicred, Nivel) values('98AH','98F32-04', 8);
insert into NIVEIS (Codigo, Codicred, Nivel) values('98AH','98H15-02', 8);
--
-- Inclusao de TURMAS
-- 2023/2
insert into TURMAS values('4611E-04',10,'2023/2','2CD4CD','32/A/206','Luan');
insert into TURMAS values('4611E-04',11,'2023/2','2EX4EX','32/A/213','Luan');
insert into TURMAS values('4611E-04',12,'2023/2','2EX4EX','32/A/205','Lucas');
insert into TURMAS values('4611E-04',30,'2023/2','3LM5LM','32/A/213','Silvia');
insert into TURMAS values('4611E-04',31,'2023/2','3JK5JK','32/A/315','Julio');
insert into TURMAS values('4611E-04',32,'2023/2','3NP5NP','32/A/305','Silvia');
insert into TURMAS values('4117D-04',10,'2023/2','5EX6EX','32/A/306','Maria');
insert into TURMAS values('4452A-02',10,'2023/2','6CD','32/A/303','Anderson');
insert into TURMAS values('4456C-04',30,'2023/2','3LM5LM','32/A/416','Fernando');
insert into TURMAS values('4611C-06',10,'2023/2','2CD4CD6CD','32/A/304','Lucia');
insert into TURMAS values('4611C-06',11,'2023/2','2CD4CD6CD','32/A/316','Andrea');
insert into TURMAS values('4611C-06',13,'2023/2','2EX4EX6EX','32/A/304','Lucia');
insert into TURMAS values('4611C-06',30,'2023/2','2JK4JK6JK','32/A/303','Ana');
insert into TURMAS values('4611C-06',31,'2023/2','2JK4JK6JK','32/A/304','Andrea');
insert into TURMAS values('4611C-06',32,'2023/2','2LM4LM6LM','32/A/304','Andrea');
insert into TURMAS values('4611C-06',33,'2023/2','2LM4LM6LM','32/A/417','Otavio');
insert into TURMAS values('4611F-04',10,'2023/2','2CD4CD','32/A/204','Bernardo');
insert into TURMAS values('4611F-04',11,'2023/2','2CD4CD','32/A/217','Edson');
insert into TURMAS values('4611F-04',12,'2023/2','2EX4EX','32/A/203','Marco');
insert into TURMAS values('4611F-04',13,'2023/2','2EX4EX','32/A/204','Denise');
insert into TURMAS values('4611F-04',30,'2023/2','2NP4NP','32/A/217','Marcelo');
insert into TURMAS values('4611F-04',31,'2023/2','2NP4NP','32/A/303','Andrea');
insert into TURMAS values('4611F-04',32,'2023/2','2LM4LM','32/A/217','Marcelo');
insert into TURMAS values('4611F-04',33,'2023/2','2LM4LM','32/A/316','Eduarda');
insert into TURMAS values('4611F-04',34,'2023/2','2JK4JK','32/A/316','Marcelo');
insert into TURMAS values('4611F-04',35,'2023/2','2LM4LM','32/A/207','Daniel');
insert into TURMAS values('4611G-04',30,'2023/2','3NP5NP','32/A/314','Afonso');
insert into TURMAS values('4620J-04',30,'2023/2','3JK5JK','32/A/417','Roland');
insert into TURMAS values('4636C-04',30,'2023/2','2LM4LM','32/A/405','Azriel');
insert into TURMAS values('4636H-04',30,'2023/2','2JK4JK','15/A/218','Bernardo');
insert into TURMAS values('4636H-04',31,'2023/2','2JK4JK','15/A/313','Alexandre');
insert into TURMAS values('4636M-02',30,'2023/2','3NP','32/A/304','Marcelo');
insert into TURMAS values('4636P-04',30,'2023/2','5LM5NP','32/A/304','Jorge');
insert into TURMAS values('4637B-04',30,'2023/2','2NP4NP','32/A/204','Michael');
insert into TURMAS values('4637D-04',30,'2023/2','2NP4NP','32/A/415','Marco');
insert into TURMAS values('4637F-04',30,'2023/2','3NP5NP','32/A/316','Dilnei');
insert into TURMAS values('4645G-04',10,'2023/2','3CD5CD','32/A/304','Isabel');
insert into TURMAS values('4645G-04',11,'2023/2','3CD5CD','32/A/316','Eduarda');
insert into TURMAS values('4645G-04',12,'2023/2','3CD5CD','32/A/317','Marcio');
insert into TURMAS values('4645G-04',13,'2023/2','3CD5CD','32/A/404','Marco');
insert into TURMAS values('4645G-04',14,'2023/2','3CD5CD','32/A/405','Roland');
insert into TURMAS values('4645G-04',15,'2023/2','3EX5EX','32/A/404','Edson');
insert into TURMAS values('4645G-04',16,'2023/2','3EX5EX','32/A/405','Iacana');
insert into TURMAS values('4645G-04',30,'2023/2','2LM4LM','32/A/203','Isabel');
insert into TURMAS values('4645G-04',31,'2023/2','2LM4LM','32/A/204','Aline');
insert into TURMAS values('4645G-04',32,'2023/2','2NP4NP','32/A/203','Scopel');
insert into TURMAS values('4645G-04',33,'2023/2','2NP4NP','32/A/216','Leonardo');
insert into TURMAS values('4645G-04',34,'2023/2','2JK4JK','32/A/204','Eduarda');
insert into TURMAS values('4645G-04',35,'2023/2','2JK4JK','32/A/216','Marco');
insert into TURMAS values('4645H-04',10,'2023/2','3AB5AB','32/A/303','Alexandre');
insert into TURMAS values('4645H-04',11,'2023/2','3AB5AB','32/A/316','Marcelo');
insert into TURMAS values('4645H-04',12,'2023/2','3EX5EX','32/A/303','Alexandre');
insert into TURMAS values('4645H-04',30,'2023/2','2LM4LM','32/A/303','Marcelo');
insert into TURMAS values('4645H-04',31,'2023/2','2LM4LM','32/A/317','Leonardo');
insert into TURMAS values('4645H-04',32,'2023/2','2LM4LM','32/A/404','JB');
insert into TURMAS values('4645H-04',33,'2023/2','2JK4JK','32/A/317','Julio');
insert into TURMAS values('4645J-04',30,'2023/2','3JK5JK','32/A/304','Cesar');
insert into TURMAS values('4645K-04',30,'2023/2','2LM4LM','32/A/315','Alexandre');
insert into TURMAS values('4646B-04',10,'2023/2','3AB5AB','32/A/416','Fernando');
insert into TURMAS values('4646B-04',11,'2023/2','3AB5AB','32/A/304','Cesar');
insert into TURMAS values('4646B-04',12,'2023/2','3AB5AB','32/A/408','Marlon');
insert into TURMAS values('4646B-04',13,'2023/2','3AB5AB','32/A/317','Edson');
insert into TURMAS values('4646B-04',14,'2023/2','3CD5CD','32/A/408','Marlon');
insert into TURMAS values('4646B-04',15,'2023/2','3CD5CD','32/A/416','Iacana');
insert into TURMAS values('4646I-04',30,'2023/2','4JK6JK','32/A/408','Miguel');
insert into TURMAS values('4646M-04',30,'2023/2','3LM5LM','32/A/414','Julio');
insert into TURMAS values('4646M-04',31,'2023/2','2LM4LM','32/A/413','Julio');
insert into TURMAS values('4646N-04',30,'2023/2','3NP5NP','32/A/215','JB');
insert into TURMAS values('4646X-04',30,'2023/2','2JK6JK','32/A/405','Marcelo');
insert into TURMAS values('4646Z-04',30,'2023/2','3JK5JK','32/A/414','JB');
insert into TURMAS values('4646Z-04',31,'2023/2','2LM4LM','32/A/414','Scopel');
insert into TURMAS values('4647A-04',30,'2023/2','3LM5LM','32/A/214','Tiago');
insert into TURMAS values('4647B-04',30,'2023/2','2JK4JK','32/A/205','Fernando');
insert into TURMAS values('4647F-04',30,'2023/2','4JK6LM','32/A/213','JB');
insert into TURMAS values('46504-04',30,'2023/2','2LM4LM','32/A/215','Eduardo');
insert into TURMAS values('46504-04',31,'2023/2','3JK5JK','32/A/408','Miguel');
insert into TURMAS values('46506-04',30,'2023/2','2NP4NP','15/A/217','Azriel');
insert into TURMAS values('46506-04',31,'2023/2','2LM4LM','15/A/217','Sabrina');
insert into TURMAS values('46506-04',32,'2023/2','2JK4JK','15/A/217','Azriel');
insert into TURMAS values('46506-04',33,'2023/2','3NP5NP','15/A/206','Azriel');
insert into TURMAS values('46507-02',31,'2023/2','2JK','15/A/314','Sabrina');
insert into TURMAS values('46509-02',30,'2023/2','6JK','32/A/306','Daniel');
insert into TURMAS values('46509-02',31,'2023/2','6JK','32/A/305','Michael');
insert into TURMAS values('46509-02',32,'2023/2','6JK','32/A/307','Afonso');
insert into TURMAS values('46510-04',30,'2023/2','6LM6NP','32/A/313','Prikladnicki');
insert into TURMAS values('46510-04',31,'2023/2','3JK5JK','32/A/206','Eduardo');
insert into TURMAS values('46514-04',30,'2023/2','3LM5LM','32/A/314','Andrea');
insert into TURMAS values('46514-04',31,'2023/2','3LM5LM','32/A/207','Marco');
insert into TURMAS values('46517-02',30,'2023/2','3LM','15/A/314','Sabrina');
insert into TURMAS values('46522-04',30,'2023/2','2JK4JK','32/A/107','Alessandra');
insert into TURMAS values('46522-04',31,'2023/2','6LM6NP','32/A/107','Ana');
insert into TURMAS values('46522-04',32,'2023/2','2JK4JK','32/A/107','Marcelo');
insert into TURMAS values('46522-04',33,'2023/2','6LM6NP','32/A/107','Dilnei');
insert into TURMAS values('46523-04',30,'2023/2','2JK4JK','32/A/107-02','Daniel');
insert into TURMAS values('46523-04',31,'2023/2','6LM6NP','32/A/107-02','Azriel');
insert into TURMAS values('46524-04',30,'2023/2','2JK4JK','32/A/107-01','Michael');
insert into TURMAS values('46524-04',31,'2023/2','6LM6NP','32/A/107-01','Edson');
insert into TURMAS values('46525-04',30,'2023/2','2JK4JK','32/A/107-02','Chanin');
insert into TURMAS values('46525-04',31,'2023/2','6LM6NP','32/A/107-02','Jorge');
insert into TURMAS values('46526-02',30,'2023/2','5LM','32/A/317','Marcelo');
insert into TURMAS values('46526-02',32,'2023/2','5LM','32/A/204','Sergio');
insert into TURMAS values('95300-04',10,'2023/2','3CD5CD','32/A/305','Cintia');
insert into TURMAS values('95300-04',11,'2023/2','3CD5CD','32/A/306','Isabel Lara');
insert into TURMAS values('95300-04',12,'2023/2','2CD4CD','32/A/205','Karina');
insert into TURMAS values('95300-04',30,'2023/2','3LM5LM','32/A/206','Pedro');
insert into TURMAS values('95300-04',31,'2023/2','3NP5NP','32/A/315','Daniela');
insert into TURMAS values('95301-04',11,'2023/2','3EX5EX','32/A/314','Ivan');
insert into TURMAS values('95301-04',12,'2023/2','2AB4AB','32/A/313','Iuri');
insert into TURMAS values('95301-04',13,'2023/2','2AB4AB','32/A/314','Ivan');
insert into TURMAS values('95302-04',31,'2023/2','6LM6NP','32/A/315','Daniela');
insert into TURMAS values('95302-04',32,'2023/2','3NP4NP','32/A/413','Pedro');
insert into TURMAS values('95302-04',33,'2023/2','3JK5JK','32/A/303','Pedro');
insert into TURMAS values('95303-04',10,'2023/2','2AB4AB','32/A/306','Cintia');
insert into TURMAS values('95303-04',11,'2023/2','2AB4AB','32/A/305','Karina');
insert into TURMAS values('95303-04',12,'2023/2','2EX4EX','32/A/305','Karina');
insert into TURMAS values('95303-04',30,'2023/2','2LM4LM','32/A/314','Karina');
insert into TURMAS values('95303-04',31,'2023/2','2NP4NP','32/A/313','Iuri');
insert into TURMAS values('95304-04',10,'2023/2','2AB4AB','32/A/206','Barbara');
insert into TURMAS values('95304-04',11,'2023/2','3EX5EX','32/A/313','Rossana');
insert into TURMAS values('95305-04',30,'2023/2','3LM5LM','32/A/404','Cardona');
insert into TURMAS values('98700-04',30,'2023/2','3JK5JK','32/A/305','Fabiano');
insert into TURMAS values('98700-04',31,'2023/2','2LM4LM','32/A/305','Fernando');
insert into TURMAS values('98701-04',10,'2023/2','3CD5CD','32/A/303','Marcelo');
insert into TURMAS values('98701-04',11,'2023/2','3CD5CD','32/A/314','Edson');
insert into TURMAS values('98702-04',10,'2023/2','6AB7AB','32/A/303','Tiago');
insert into TURMAS values('98702-04',11,'2023/2','6AB7AB','32/A/304','Soraia');
insert into TURMAS values('98703-02',30,'2023/2','6JK','32/A/313','Julio');
insert into TURMAS values('98703-02',31,'2023/2','6JK','32/A/314','Alexandre');
insert into TURMAS values('98704-04',30,'2023/2','3JK5JK','32/A/405','Azriel');
insert into TURMAS values('98705-02',10,'2023/2','6AB','32/A/305','Cristina');
insert into TURMAS values('98705-02',30,'2023/2','6NP','32/A/305','Michael');
insert into TURMAS values('98706-04',30,'2023/2','3JK5JK','32/A/415','Otavio');
insert into TURMAS values('98707-02',10,'2023/2','3AB','32/A/206','Soraia');
insert into TURMAS values('98708-04',30,'2023/2','3NP5NP','32/A/415','Scopel');
insert into TURMAS values('98708-04',31,'2023/2','3NP5NP','32/A/414','Luan');
insert into TURMAS values('98708-04',32,'2023/2','2NP4NP','32/A/215','Silvia');
insert into TURMAS values('98709-04',30,'2023/2','2NP4NP','32/A/305','Cristina');
insert into TURMAS values('98709-04',31,'2023/2','3LM5LM','32/A/205','Cristina');
insert into TURMAS values('98710-02',30,'2023/2','2JK','32/A/408','Ana');
insert into TURMAS values('98710-02',31,'2023/2','2LM','32/A/416','Cristina');
insert into TURMAS values('98710-02',32,'2023/2','2NP','32/A/408','Marcelo');
insert into TURMAS values('98712-04',10,'2023/2','2CD4CD','32/A/405','JB');
insert into TURMAS values('98713-04',30,'2023/2','2LM4LM','32/A/205','Cesar');
insert into TURMAS values('98713-04',31,'2023/2','2NP4NP','32/A/205','Fernando');
insert into TURMAS values('98713-04',32,'2023/2','2LM4LM','32/A/213','Marcelo');
insert into TURMAS values('98716-04',30,'2023/2','3JK5JK','32/A/313','Marcio');
insert into TURMAS values('98718-04',10,'2023/2','2AB4AB','32/A/203','Roland');
insert into TURMAS values('98718-04',11,'2023/2','2CD4CD','32/A/203','Roland');
insert into TURMAS values('98719-02',30,'2023/2','5JK','32/A/416','Sergio');
insert into TURMAS values('98721-04',30,'2023/2','2JK4JK','32/A/306','Soraia');
insert into TURMAS values('98800-04',10,'2023/2','3AB5AB','32/A/306','Fabiano');
insert into TURMAS values('98800-04',31,'2023/2','6LM6NP','32/A/206','Miguel');
insert into TURMAS values('98800-04',32,'2023/2','6LM6NP','32/A/214','Sergio');
insert into TURMAS values('98800-04',33,'2023/2','3NP5NP','32/A/306','Sergio');
insert into TURMAS values('98801-04',30,'2023/2','3LM5LM','32/A/305','Ana');
insert into TURMAS values('98801-04',31,'2023/2','3LM5LM','32/A/413','Dilnei');
insert into TURMAS values('98802-02',30,'2023/2','4NP','32/A/213','Julio');
insert into TURMAS values('98802-02',31,'2023/2','4LM','32/A/306','Michael');
insert into TURMAS values('98900-02',30,'2023/2','3JK','32/A/306','Ana');
insert into TURMAS values('98900-02',31,'2023/2','5JK','32/A/207','Ana');
insert into TURMAS values('98901-04',10,'2023/2','6AB6CD','32/A/313','Duncan');
insert into TURMAS values('98901-04',11,'2023/2','6AB6CD','32/A/314','Aline');
insert into TURMAS values('98901-04',12,'2023/2','3EX5EX','32/A/315','Aline');
insert into TURMAS values('98901-04',30,'2023/2','3NP5NP','32/A/313','Denise');
insert into TURMAS values('98901-04',31,'2023/2','3LM5LM','32/A/316','Azriel');
insert into TURMAS values('98901-04',32,'2023/2','3JK5JK','32/A/314','Aline');
insert into TURMAS values('98902-02',10,'2023/2','2CD','32/A/216','Duncan');
insert into TURMAS values('98902-02',11,'2023/2','6EX','32/A/316','Denise');
insert into TURMAS values('98902-02',12,'2023/2','2CD','32/A/303','Denise');
insert into TURMAS values('98902-02',30,'2023/2','6LM','32/A/317','Denise');
insert into TURMAS values('98902-02',31,'2023/2','3LM','32/A/203','Denise');
insert into TURMAS values('98902-02',32,'2023/2','3LM','32/A/204','Arruda');
insert into TURMAS values('98902-02',33,'2023/2','3LM','32/A/304','Aline');
insert into TURMAS values('98903-02',30,'2023/2','6JK','32/A/416','Prikladnicki');
insert into TURMAS values('98903-02',31,'2023/2','6JK','32/A/316','Jorge');
insert into TURMAS values('98904-04',30,'2023/2','3JK5JK','32/A/307','Bernardo');
insert into TURMAS values('98905-04',30,'2023/2','3LM5LM','15/A/313','Milene');
insert into TURMAS values('98905-04',31,'2023/2','3LM5LM','15/A/205','Chanin');
insert into TURMAS values('98906-04',30,'2023/2','2NP4NP','15/A/218','Bernardo');
insert into TURMAS values('98906-04',31,'2023/2','2LM4LM','15/A/218','Bernardo');
insert into TURMAS values('98F29-04',10,'2023/2','2AB4AB','32/A/205','Filipe');
insert into TURMAS values('98F30-04',30,'2023/2','2LM4LM','32/A/216','Filipe');
insert into TURMAS values('98F31-04',30,'2023/2','3NP5NP','32/A/404','Cardona');
insert into TURMAS values('98F33-04',10,'2023/2','3CD5CD','32/A/313','Cardona');
insert into TURMAS values('98G00-04',30,'2023/2','2LM4LM','30/204','Sergio');
insert into TURMAS values('98G02-04',10,'2023/2','4AB6AB','32/A/316','Iacana');
insert into TURMAS values('98G03-04',10,'2023/2','4CD6CD','32/A/306','Cesar');
insert into TURMAS values('98G03-04',11,'2023/2','4CD6CD','32/A/305','Miguel');
insert into TURMAS values('98G04-02',30,'2023/2','6JK','32/A/317','Sergio');
insert into TURMAS values('98G05-04',30,'2023/2','2JK4JK','32/A/305','Cesar');
insert into TURMAS values('98G06-02',30,'2023/2','2JK','32/A/416','Sergio');
insert into TURMAS values('98H00-04',30,'2023/2','2NP4NP','32/A/206','Eduardo');
insert into TURMAS values('98H00-04',31,'2023/2','2NP4NP','32/A/214','Denise');
insert into TURMAS values('98H00-04',32,'2023/2','2LM4LM','32/A/214','Denise');
insert into TURMAS values('98H01-04',10,'2023/2','2CD4CD','32/A/214','Lucas');
insert into TURMAS values('98H01-04',31,'2023/2','2LM4LM','32/A/415','Luan');
insert into TURMAS values('98H03-04',10,'2023/2','3AB5AB','32/XXX','Otavio');
insert into TURMAS values('98H04-06',10,'2023/2','2CD4CD6CD','32/A/404','Dalvan');
insert into TURMAS values('98H05-04',30,'2023/2','3JK5JK','32/A/316','Duncan');
insert into TURMAS values('98H06-02',30,'2023/2','6LM','15/A/205','Daniel');
insert into TURMAS values('98H07-04',30,'2023/2','3LM5LM','32/A/417','Isabel Lara');
insert into TURMAS values('98H08-04',30,'2023/2','3JK5JK','32/A/317','Michael');
insert into TURMAS values('98H09-04',30,'2023/2','3NP5NP','32/A/204','Lucas');
insert into TURMAS values('98H10-04',30,'2023/2','2LM4LM','32/A/307','Silvia');
insert into TURMAS values('98H11-02',30,'2023/2','6LM','32/A/216','Scopel');
--
-- Inclusao de TURMAS
-- 2023/1
insert into TURMAS values('95302-04',33,'2023/1','6LM6NP','32/A/313','Daniela');
insert into TURMAS values('98F33-04',10,'2023/1','2CD4CD','32/A/205','Cardona');
insert into TURMAS values('4645G-04',10,'2023/1','3AB5AB','32/A/203','Isabel');
insert into TURMAS values('4645G-04',11,'2023/1','3AB5AB','32/A/214','Iacana');
insert into TURMAS values('4645G-04',12,'2023/1','3AB5AB','32/A/204','Pinho');
insert into TURMAS values('4645G-04',13,'2023/1','2EX4EX','32/A/203','Mangan');
insert into TURMAS values('4645G-04',14,'2023/1','2EX4EX','32/A/214','Edson');
insert into TURMAS values('4645G-04',30,'2023/1','2LM4LM','32/A/207','Isabel');
insert into TURMAS values('4645G-04',31,'2023/1','2NP4NP','32/A/304','Leonardo');
insert into TURMAS values('4645G-04',32,'2023/1','2JK4JK','32/A/204','Scopel');
insert into TURMAS values('4645H-04',10,'2023/1','3AB5AB','32/A/303','Edson');
insert into TURMAS values('4645H-04',11,'2023/1','3AB5AB','32/A/303','JB');
insert into TURMAS values('4645H-04',12,'2023/1','2EX4EX','32/A/303','JB');
insert into TURMAS values('4645H-04',30,'2023/1','2LM4LM','32/A/316','Cohen');
insert into TURMAS values('4645H-04',31,'2023/1','2LM4LM','32/A/317','Leonardo');
insert into TURMAS values('4645H-04',32,'2023/1','2JK4JK','32/A/304','JB');
insert into TURMAS values('4645H-04',33,'2023/1','2JK4JK','32/A/304','Julio');
insert into TURMAS values('98F30-04',30,'2023/1','5LM6JK','32/A/313','Zabala');
insert into TURMAS values('98706-04',10,'2023/1','2CD4CD','32/A/305','Lucas');
insert into TURMAS values('98H05-04',30,'2023/1','3JK5JK','32/A/215','Duncan');
insert into TURMAS values('98G05-04',30,'2023/1','2JK4JK','32/A/217','Marcon');
insert into TURMAS values('98901-04',10,'2023/1','3CD5CD','32/A/206','Azriel');
insert into TURMAS values('98901-04',11,'2023/1','3CD5CD','32/A/213','Denise');
insert into TURMAS values('98901-04',30,'2023/1','3NP5NP','32/A/206','Denise');
insert into TURMAS values('98901-04',31,'2023/1','3LM5LM','32/A/214','Azriel');
insert into TURMAS values('98902-02',10,'2023/1','2CD','32/A/216','Denise');
insert into TURMAS values('98902-02',11,'2023/1','6EX','32/A/303','Daniel');
insert into TURMAS values('98902-02',12,'2023/1','2CD','32/A/303','Duncan');
insert into TURMAS values('98902-02',30,'2023/1','6LM','32/A/216','Denise');
insert into TURMAS values('98902-02',31,'2023/1','3LM','32/A/216','Denise');
insert into TURMAS values('98902-02',32,'2023/1','6LM','32/A/416','Arruda');
insert into TURMAS values('98902-02',33,'2023/1','3LM','32/A/404','Arruda');
insert into TURMAS values('98902-02',34,'2023/1','3LM','32/A/317','Duncan');
insert into TURMAS values('95300-04',10,'2023/1','3EX6EX','32/A/305','Lucilia');
insert into TURMAS values('95300-04',11,'2023/1','3EX6EX','32/A/305','Karina');
insert into TURMAS values('95300-04',12,'2023/1','3EX6EX','32/A/313','Barbara');
insert into TURMAS values('95300-04',13,'2023/1','3EX6EX','32/A/414','Cintia');
insert into TURMAS values('95300-04',14,'2023/1','7AB7CD','32/A/214','Lucilia');
insert into TURMAS values('95300-04',30,'2023/1','3LM5LM','32/A/413','Isabel Lara');
insert into TURMAS values('95300-04',31,'2023/1','3LM5LM','32/A/414','Ivan');
insert into TURMAS values('95300-04',32,'2023/1','3JK5JK','32/A/206','Karina');
insert into TURMAS values('95301-04',10,'2023/1','3EX6EX','32/A/205','Iuri');
insert into TURMAS values('95301-04',11,'2023/1','3EX6EX','32/A/206','Ivan');
insert into TURMAS values('4117D-04',10,'2023/1','5EX6EX','32/A/314','Maria');
insert into TURMAS values('4117D-04',30,'2023/1','2LM4LM','32/A/305','Cintia');
insert into TURMAS values('98H01-04',10,'2023/1','2EX4EX','32/A/206','Lucas');
insert into TURMAS values('98716-04',30,'2023/1','3JK5JK','32/A/214','Pinho');
insert into TURMAS values('4645J-04',10,'2023/1','3CD5CD','32/A/316','DeRose');
insert into TURMAS values('4645K-04',10,'2023/1','3AB5AB','32/A/215','Agustini');
insert into TURMAS values('98G04-02',30,'2023/1','5JK','32/A/317','Sergio');
insert into TURMAS values('98719-02',30,'2023/1','5NP','32/A/203','Sergio');
insert into TURMAS values('46504-04',30,'2023/1','2LM4LM','32/A/215','Arruda');
insert into TURMAS values('46504-04',31,'2023/1','3JK5JK','32/A/215','Miguel');
insert into TURMAS values('46506-04',30,'2023/1','2NP4NP','N/A','Azriel');
insert into TURMAS values('46506-04',31,'2023/1','3NP5NP','15/205','Sabrina');
insert into TURMAS values('46506-04',32,'2023/1','2JK4JK','N/A','Azriel');
insert into TURMAS values('46507-02',30,'2023/1','5LM','15/205','Sabrina');
insert into TURMAS values('46507-02',32,'2023/1','2JK','15/317','Sabrina');
insert into TURMAS values('98801-04',30,'2023/1','3LM5LM','32/A/414','Ana Bacelo');
insert into TURMAS values('98802-02',30,'2023/1','4NP','32/A/306','Julio');
insert into TURMAS values('98802-02',31,'2023/1','4LM','32/A/306','Michael');
insert into TURMAS values('4471X-02',30,'2023/1','2JK','32/A/306','Alvaro');
insert into TURMAS values('4456W-02',10,'2023/1','2CD','32/A/217','Moraes');
insert into TURMAS values('98905-04',30,'2023/1','3LM5LM','32/A/304','Milene');
insert into TURMAS values('98905-04',31,'2023/1','3LM5LM','32/A/316','Chanin');
insert into TURMAS values('4636H-04',31,'2023/1','2JK4JK','P15 - s218','Agustini');
insert into TURMAS values('98713-04',30,'2023/1','2LM4LM','32/A/314','DeRose');
insert into TURMAS values('98713-04',31,'2023/1','2NP4NP','32/A/307','Dotti');
insert into TURMAS values('98713-04',32,'2023/1','2LM4LM','32/A/414','Neves');
insert into TURMAS values('4611C-06',10,'2023/1','2CD4CD6CD','32/A/413','Giraffa');
insert into TURMAS values('4611C-06',11,'2023/1','2CD4CD6CD','32/A/304','Daniel');
insert into TURMAS values('4611C-06',12,'2023/1','2CD4CD6CD','32/A/316','Roland');
insert into TURMAS values('4611C-06',13,'2023/1','2CD4CD6CD','32/A/404','Mangan');
insert into TURMAS values('4611C-06',14,'2023/1','2EX4EX6EX','32/A/213','Giraffa');
insert into TURMAS values('4611C-06',15,'2023/1','2CD4CD6CD','32/A/214','Andrea');
insert into TURMAS values('4611C-06',16,'2023/1','2CD4CD6CD','N/A','Neves');
insert into TURMAS values('4611C-06',30,'2023/1','2JK4JK6JK','32/A/303','Ana Bacelo');
insert into TURMAS values('4611C-06',31,'2023/1','2LM4LM6LM','32/A/304','Silvia');
insert into TURMAS values('4611C-06',32,'2023/1','2LM4LM6LM','32/A/203','Roland');
insert into TURMAS values('4611C-06',33,'2023/1','2LM4LM6LM','32/A/405','Andrea');
insert into TURMAS values('4611C-06',34,'2023/1','2JK4JK6JK','32/A/413','Andrea');
insert into TURMAS values('4611C-06',35,'2023/1','2JK4JK6JK','N/A','Denise');
insert into TURMAS values('4611C-06',36,'2023/1','2NP4NP6NP','32/A/214','Andrea');
insert into TURMAS values('98709-04',30,'2023/1','2NP4NP','32/A/314','Cristina');
insert into TURMAS values('98709-04',31,'2023/1','3LM5LM','32/A/215','Cristina');
insert into TURMAS values('98800-04',10,'2023/1','3CD5CD','32/A/205','Hessel');
insert into TURMAS values('98800-04',31,'2023/1','6LM6NP','32/A/214','Mangan');
insert into TURMAS values('98800-04',32,'2023/1','6LM6NP','32/A/413','Sergio');
insert into TURMAS values('4646B-04',10,'2023/1','4CD6CD','32/A/317','Iacana');
insert into TURMAS values('4646B-04',11,'2023/1','4CD6CD','32/A/204','Marlon');
insert into TURMAS values('4646B-04',12,'2023/1','4CD6CD','32/A/216','Moraes');
insert into TURMAS values('4646B-04',13,'2023/1','4CD6CD','32/A/307','Edson');
insert into TURMAS values('46509-02',30,'2023/1','6JK','32/A/306','Daniel');
insert into TURMAS values('46509-02',31,'2023/1','6JK','32/A/305','Mangan');
insert into TURMAS values('46510-04',30,'2023/1','3JK5JK','32/A/213','Peres');
insert into TURMAS values('46510-04',31,'2023/1','6LM6NP','32/A/205','Jorge');
insert into TURMAS values('4636N-04',30,'2023/1','3NP5NP','32/A/307','Neves');
insert into TURMAS values('98H00-04',30,'2023/1','2NP4NP','32/A/305','Arruda');
insert into TURMAS values('98708-04',30,'2023/1','3LM5LM','32/A/315','Scopel');
insert into TURMAS values('98708-04',31,'2023/1','3NP5NP','32/A/205','Silvia');
insert into TURMAS values('98H03-04',10,'2023/1','2EX4EX','N/A','Duncan');
insert into TURMAS values('98705-02',10,'2023/1','3CD','32/A/516','Agustini');
insert into TURMAS values('98705-02',11,'2023/1','3CD','32/A/214','Cristina');
insert into TURMAS values('98705-02',12,'2023/1','3CD','32/A/413','Andrea');
insert into TURMAS values('98705-02',30,'2023/1','6NP','32/A/516','Michael');
insert into TURMAS values('98705-02',31,'2023/1','6LM','32/A/516','Michael');
insert into TURMAS values('98705-02',32,'2023/1','6LM','32/A/305','Terroso');
insert into TURMAS values('4452A-02',10,'2023/1','2CD','32/A/317','Terroso');
insert into TURMAS values('4452A-02',11,'2023/1','2CD','32/A/416','Marlon');
insert into TURMAS values('98900-02',30,'2023/1','3JK','32/A/306','Ana Bacelo');
insert into TURMAS values('98900-02',31,'2023/1','5JK','32/A/316','Ana Bacelo');
insert into TURMAS values('98900-02',32,'2023/1','5NP','32/A/306','Michael');
insert into TURMAS values('98712-04',10,'2023/1','3CD5CD','32/A/317','Miguel');
insert into TURMAS values('98712-04',11,'2023/1','3CD5CD','32/A/404','JB');
insert into TURMAS values('98721-04',30,'2023/1','2JK4JK','32/A/307','Soraia');
insert into TURMAS values('98710-02',30,'2023/1','2JK','32/A/203','Cristina');
insert into TURMAS values('98710-02',31,'2023/1','2LM','32/A/408','Cristina');
insert into TURMAS values('98710-02',32,'2023/1','2NP','32/A/404','Neves');
insert into TURMAS values('4646I-04',10,'2023/1','4JK6JK','32/A/304','Miguel');
insert into TURMAS values('4646I-04',30,'2023/1','4JK6JK','32/A/408','Miguel');
insert into TURMAS values('46514-04',30,'2023/1','3LM5LM','32/A/314','Andrea');
insert into TURMAS values('46515-04',690,'2023/1','9AB9CD','32/A/314','Julio');
insert into TURMAS values('4611E-04',10,'2023/1','2AB4AB','32/A/516','Bordini');
insert into TURMAS values('4611E-04',11,'2023/1','2AB4AB','32/A/313','Lucas');
insert into TURMAS values('4611E-04',30,'2023/1','3LM5LM','32/A/305','Silvia');
insert into TURMAS values('4611E-04',31,'2023/1','3JK5JK','32/A/313','Lucas');
insert into TURMAS values('95305-04',30,'2023/1','3LM5LM','32/A/405','Cardona');
insert into TURMAS values('95303-04',10,'2023/1','2AB4AB','32/A/305','Cintia');
insert into TURMAS values('95303-04',11,'2023/1','2AB4AB','32/A/307','Karina');
insert into TURMAS values('95303-04',12,'2023/1','2AB4AB','32/A/206','Iuri');
insert into TURMAS values('95303-04',13,'2023/1','2AB4AB','32/A/413','Isabel Lara');
insert into TURMAS values('95303-04',14,'2023/1','5AB5CD','32/A/214','Iuri');
insert into TURMAS values('95303-04',30,'2023/1','2NP4NP','32/A/313','Karina');
insert into TURMAS values('95303-04',31,'2023/1','2LM4LM','32/A/315','Karina');
insert into TURMAS values('95303-04',32,'2023/1','2LM4LM','32/A/415','Iuri');
insert into TURMAS values('46517-02',30,'2023/1','3LM','15/310','Sabrina');
insert into TURMAS values('98707-02',10,'2023/1','3AB','32/A/516','Soraia');
insert into TURMAS values('98707-02',11,'2023/1','3AB','32/A/305','Ferreto');
insert into TURMAS values('98707-02',12,'2023/1','3AB','N/A','Milene');
insert into TURMAS values('4646M-04',30,'2023/1','3LM5LM','32/A/213, 32/A/306','Julio');
insert into TURMAS values('4646N-04',30,'2023/1','3NP5NP','32/A/313','JB');
insert into TURMAS values('4456C-04',30,'2023/1','3JK5JK','32/A/304','Moraes');
insert into TURMAS values('98G03-04',10,'2023/1','4CD6CD','32/A/306','Miguel');
insert into TURMAS values('98G03-04',11,'2023/1','4CD6CD','32/A/313','Marcon');
insert into TURMAS values('98704-04',30,'2023/1','3JK5JK','32/A/317','Azriel');
insert into TURMAS values('98702-04',10,'2023/1','6AB7AB','32/A/303','Ferreto');
insert into TURMAS values('98702-04',11,'2023/1','6AB7AB','32/A/303','Avelino');
insert into TURMAS values('98702-04',12,'2023/1','6AB7AB','32/A/304','Dalvan');
insert into TURMAS values('46522-04',30,'2023/1','2JK4JK','32/A/107','Alessandra');
insert into TURMAS values('46522-04',31,'2023/1','6LM6NP','32/A/107','Ana Bacelo');
insert into TURMAS values('46523-04',30,'2023/1','2JK4JK','32/A/107-02','Daniel');
insert into TURMAS values('46523-04',31,'2023/1','6LM6NP','32/A/107-02','Yamaguti');
insert into TURMAS values('46524-04',30,'2023/1','2JK4JK','32/A/107-01','Michael');
insert into TURMAS values('46524-04',31,'2023/1','6LM6NP','32/A/107-01','Edson');
insert into TURMAS values('46525-04',30,'2023/1','2JK4JK','32/A/107-02','Chanin');
insert into TURMAS values('46525-04',31,'2023/1','6LM6NP','32/A/107-02','Azriel');
insert into TURMAS values('95304-04',10,'2023/1','2EX4EX','32/A/214','Rossana');
insert into TURMAS values('95304-04',30,'2023/1','2JK5JK','32/A/206','Zabala');
insert into TURMAS values('98903-02',30,'2023/1','6JK','32/A/416','Prikladnicki');
insert into TURMAS values('98903-02',31,'2023/1','6JK','32/A/307','Dilnei');
insert into TURMAS values('98701-04',10,'2023/1','3CD5CD','32/A/303','Cohen');
insert into TURMAS values('98701-04',11,'2023/1','3CD5CD','32/A/207','Edson');
insert into TURMAS values('98701-04',12,'2023/1','3CD5CD','32/A/216','Neves');
insert into TURMAS values('4637B-04',30,'2023/1','2NP4NP','32/A/408','Michael');
insert into TURMAS values('46526-02',30,'2023/1','5LM','32/A/317','Cohen');
insert into TURMAS values('46526-02',31,'2023/1','5LM','32/A/203','Roland');
insert into TURMAS values('46526-02',32,'2023/1','5LM','32/A/204','Sergio');
insert into TURMAS values('98703-02',30,'2023/1','6JK','32/A/216','Bordini');
insert into TURMAS values('98703-02',31,'2023/1','6JK','32/A/216','Julio');
insert into TURMAS values('98H04-06',10,'2023/1','2CD4CD6CD','32/A/203','Dalvan');
insert into TURMAS values('4611F-04',10,'2023/1','2CD5EX','32/A/217','Bernardo');
insert into TURMAS values('4611F-04',11,'2023/1','2CD5EX','32/A/204','Agustini');
insert into TURMAS values('4611F-04',12,'2023/1','2CD5EX','32/A/405','Julio');
insert into TURMAS values('4611F-04',30,'2023/1','2LM4LM','32/A/315','Yamaguti');
insert into TURMAS values('4611F-04',31,'2023/1','2NP4NP','32/A/204','Yamaguti');
insert into TURMAS values('4611F-04',32,'2023/1','2LM4LM','32/A/317','Agustini');
insert into TURMAS values('98718-04',10,'2023/1','3CD5CD','32/A/217','Roland');
insert into TURMAS values('4646X-04',10,'2023/1','3AB5AB','32/A/205','Cohen');
insert into TURMAS values('4646X-04',30,'2023/1','2JK6JK','32/A/314','Cohen');
insert into TURMAS values('4646Z-04',30,'2023/1','3JK5JK','32/A/213','Michael');
insert into TURMAS values('4646Z-04',31,'2023/1','2LM4LM','32/A/413','Scopel');
insert into TURMAS values('13397-02',30,'2023/1','6JK','32/A/206','Renata');
insert into TURMAS values('4647A-04',10,'2023/1','2CD4CD','32/A/206','Ana Benso');
insert into TURMAS values('4647A-04',30,'2023/1','3LM5LM','32/A/205, 32/A/313','Ferreto');
insert into TURMAS values('4611G-04',30,'2023/1','3NP5NP','32/A/305','Afonso');
insert into TURMAS values('4471V-02',30,'2023/1','4LM','32/A/414','Alvaro');
insert into TURMAS values('4471V-02',31,'2023/1','4JK','32/A/414','Alvaro');
insert into TURMAS values('4620J-04',30,'2023/1','3JK5JK','32/A/203','Roland');
insert into TURMAS values('98G02-04',10,'2023/1','3CD5CD','32/A/203','Iacana');
insert into TURMAS values('4647B-04',10,'2023/1','3CD5CD','32/A/306','Dotti');
insert into TURMAS values('98G00-04',30,'2023/1','2LM4LM','32/A/318','Sergio');
insert into TURMAS values('98700-04',30,'2023/1','3JK5JK','32/A/305','Hessel');
insert into TURMAS values('98700-04',31,'2023/1','2LM4LM','32/A/205','Dotti');
insert into TURMAS values('4647F-04',30,'2023/1','4JK6LM','32/A/315','Bordini');
insert into TURMAS values('98F31-04',30,'2023/1','3NP5NP','32/A/417','Cardona');
insert into TURMAS values('98904-04',30,'2023/1','3JK5JK','32/A/307','Bernardo');
insert into TURMAS values('98H07-04',30,'2023/1','3LM5LM','32/A/417','Isabel');
--
-- Insercao de ALUNOS
Insert into ALUNOS values(20106842,'Jovana da Silva','F',26,'Porto Alegre Zona Norte','2020-03-01','98AH');
Insert into ALUNOS values(21103839,'Eduardo da Silva','M',22,'Porto Alegre Zona Sul','2021-03-01','98AJ');
Insert into ALUNOS values(21108293,'Marcelo da Silva','M',22,null,'2021-03-01','98AJ');
Insert into ALUNOS values(21112046,'Tiago da Silva','M',22,'Porto Alegre Zona Sul','2021-03-01','98AJ');
Insert into ALUNOS values(21112192,'Vanessa da Silva','F',23,'Porto Alegre Zona Norte','2021-03-01','98AJ');
Insert into ALUNOS values(21201018,'Carla da Silva','F',21,'Porto Alegre Zona Norte','2021-08-01','98AJ');
Insert into ALUNOS values(21206067,'Rogerio da Silva','M',22,'Porto Alegre Zona Sul','2021-08-01','98AJ');
Insert into ALUNOS values(22280018,'Solange da Silva','F',26,'Porto Alegre Zona Norte','2022-08-01','98AJ');
Insert into ALUNOS values(22280023,'Marcelo da Silva','M',23,'Porto Alegre Zona Sul',null,'98AJ');
Insert into ALUNOS values(22280027,'Katia da Silva','F',20,'Porto Alegre Zona Norte','2022-08-01','98AJ');
Insert into ALUNOS values(23104543,'Marcos da Silva','M',26,'Porto Alegre Zona Sul','2023-03-01','98AH');
--
-- Insercao de HISTORICO
Insert into HISTORICO values(21201018,'98705-02',10,'2023/1','Aprovado',8,null);
Insert into HISTORICO values(22280018,'98705-02',11,'2023/1','Aprovado',9,null);
Insert into HISTORICO values(22280027,'98705-02',10,'2023/1','Reprovado',4,null);
Insert into HISTORICO values(22280027,'98705-02',10,'2023/2','Ativo',null,10);
Insert into HISTORICO values(21201018,'4611C-06',10,'2023/2','Ativo',null,30);
Insert into HISTORICO values(21206067,'4611C-06',11,'2023/2','Ativo',null,30);
Insert into HISTORICO values(21108293,'98H04-06',10,'2023/1','Aprovado',9,null);
Insert into HISTORICO values(21112046,'98H04-06',10,'2023/2','Ativo',null,30);
Insert into HISTORICO values(21112192,'98H04-06',10,'2023/2','Ativo',null,30);
Insert into HISTORICO values(20106842,'98H03-04',10,'2023/1','Aprovado',7,null);
Insert into HISTORICO values(21206067,'98H03-04',10,'2023/1','Aprovado',9,null);
Insert into HISTORICO values(22280023,'98H03-04',10,'2023/1','Aprovado',7,null);
Insert into HISTORICO values(21201018,'98H03-04',10,'2023/2','Ativo',null,20);
Insert into HISTORICO values(22280018,'98H03-04',10,'2023/2','Ativo',null,20);
Insert into HISTORICO values(21108293,'4645H-04',10,'2023/1','Aprovado',7,null);
Insert into HISTORICO values(21112046,'4645H-04',10,'2023/1','Aprovado',9,null);
Insert into HISTORICO values(21112192,'4645H-04',10,'2023/2','Ativo',null,20);
Insert into HISTORICO values(21103839,'4645G-04',10,'2023/1','Aprovado',7,null);
Insert into HISTORICO values(21112192,'4645G-04',10,'2023/1','Reprovado',5,null);
Insert into HISTORICO values(21108293,'98901-04',10,'2023/2','Ativo',null,20);
Insert into HISTORICO values(21112046,'98901-04',10,'2023/2','Ativo',null,20);
Insert into HISTORICO values(21108293,'98801-04',30,'2023/2','Ativo',null,20);

commit;

--  ###  FIM  ###